,Method 1 State 1,Method 1 State 1 runtime
0,0.087890625,348.4203567504883
