,Method 1 State 1,Method 1 State 1 runtime
0,-0.0078125,1.7293577194213867
